Summary,Issue key,Issue id,Issue Type,Status,Project key,Project name,Project type,Project lead,Project lead id,Project description,Priority,Resolution,Assignee,Assignee Id,Reporter,Reporter Id,Creator,Creator Id,Created,Updated,Last Viewed,Resolved,Due date,Votes,Description,Environment,Watchers,Watchers Id,Original estimate,Remaining Estimate,Time Spent,Work Ratio,Σ Original Estimate,Σ Remaining Estimate,Σ Time Spent,Security Level,Custom field (Actual end),Custom field (Actual start),Custom field (Category),Custom field (Change reason),Custom field (Change risk),Custom field (Change type),Custom field (Development),Custom field (Epic Color),Custom field (Epic Name),Custom field (Epic Status),Custom field (Goals),Custom field (Impact),Custom field (Issue color),Custom field (Locked forms),Custom field (Open forms),Custom field (Project overview key),Custom field (Project overview status),Custom field (Rank),Custom field (Request Type),Custom field (Sentiment),Sprint,Custom field (Start date),Custom field (Story Points),Custom field (Story point estimate),Custom field (Submitted forms),Custom field (Target end),Custom field (Target start),Custom field (Team),Custom field (Total forms),Custom field (Vulnerability),Custom field ([CHART] Date of First Response),Custom field ([CHART] Time in Status),Parent,Parent summary,Status Category,Status Category Changed
Create a web-based platform to educate and engage users about the Agile Manifesto and methodologies.,AME-2,10015,Epic,To Do,AME,Agile Manifesto Exercise,software,Amogh K Umesh,712020:3431d711-e691-474b-87d5-610f2d7e8719,,Medium,,,,Amogh K Umesh,712020:3431d711-e691-474b-87d5-610f2d7e8719,Amogh K Umesh,712020:3431d711-e691-474b-87d5-610f2d7e8719,05/Jan/25 12:53 PM,05/Jan/25 12:53 PM,06/Jan/25 12:33 PM,,,0,,,Amogh K Umesh,712020:3431d711-e691-474b-87d5-610f2d7e8719,,,,,,,,,,,,,,,,,,,,,purple,,,,,0|i00033:,,,,,,,,,,,,,,,,,To Do,05/Jan/25 12:53 PM
Feature 1: Homepage for Agile Manifesto,AME-7,10020,Feature,To Do,AME,Agile Manifesto Exercise,software,Amogh K Umesh,712020:3431d711-e691-474b-87d5-610f2d7e8719,,Medium,,,,Amogh K Umesh,712020:3431d711-e691-474b-87d5-610f2d7e8719,Amogh K Umesh,712020:3431d711-e691-474b-87d5-610f2d7e8719,05/Jan/25 9:47 PM,05/Jan/25 10:08 PM,06/Jan/25 12:32 PM,,,0,,,Amogh K Umesh,712020:3431d711-e691-474b-87d5-610f2d7e8719,,,,,,,,,,,,,,,,,,,,,,,,,,0|i0003b:,,,AME Sprint 1,,,,,,,,,,,,10015,Create a web-based platform to educate and engage users about the Agile Manifesto and methodologies.,To Do,05/Jan/25 9:47 PM
Story 1.1: Design and implement a visually appealing homepage.,AME-8,10021,Story,To Do,AME,Agile Manifesto Exercise,software,Amogh K Umesh,712020:3431d711-e691-474b-87d5-610f2d7e8719,,Medium,,,,Amogh K Umesh,712020:3431d711-e691-474b-87d5-610f2d7e8719,Amogh K Umesh,712020:3431d711-e691-474b-87d5-610f2d7e8719,05/Jan/25 9:47 PM,05/Jan/25 10:09 PM,06/Jan/25 12:33 PM,,,0,,,Amogh K Umesh,712020:3431d711-e691-474b-87d5-610f2d7e8719,,,,,,,,,,,,,,,,,,,,,,,,,,0|i0003j:,,,AME Sprint 1,,,,,,,,,,,,10015,Create a web-based platform to educate and engage users about the Agile Manifesto and methodologies.,To Do,05/Jan/25 9:47 PM
Subtask 1.1.1: Create wireframes for the homepage.,AME-9,10022,Task,To Do,AME,Agile Manifesto Exercise,software,Amogh K Umesh,712020:3431d711-e691-474b-87d5-610f2d7e8719,,Medium,,,,Amogh K Umesh,712020:3431d711-e691-474b-87d5-610f2d7e8719,Amogh K Umesh,712020:3431d711-e691-474b-87d5-610f2d7e8719,05/Jan/25 9:49 PM,05/Jan/25 10:36 PM,06/Jan/25 12:33 PM,,,0,,,Amogh K Umesh,712020:3431d711-e691-474b-87d5-610f2d7e8719,,,,,,,,,,,,,,,,,,,,,,,,,,0|i0003r:,,,AME Sprint 1,,,,,,,,,,,,10015,Create a web-based platform to educate and engage users about the Agile Manifesto and methodologies.,To Do,05/Jan/25 9:49 PM
Subtask 1.1.2: Develop HTML and CSS for the layout.,AME-10,10023,Task,To Do,AME,Agile Manifesto Exercise,software,Amogh K Umesh,712020:3431d711-e691-474b-87d5-610f2d7e8719,,Medium,,,,Amogh K Umesh,712020:3431d711-e691-474b-87d5-610f2d7e8719,Amogh K Umesh,712020:3431d711-e691-474b-87d5-610f2d7e8719,05/Jan/25 9:50 PM,05/Jan/25 10:36 PM,06/Jan/25 12:33 PM,,,0,,,Amogh K Umesh,712020:3431d711-e691-474b-87d5-610f2d7e8719,,,,,,,,,,,,,,,,,,,,,,,,,,0|i0003z:,,,AME Sprint 1,,,,,,,,,,,,10015,Create a web-based platform to educate and engage users about the Agile Manifesto and methodologies.,To Do,05/Jan/25 9:50 PM
Subtask 1.1.3: Integrate animations using JavaScript.,AME-11,10024,Task,To Do,AME,Agile Manifesto Exercise,software,Amogh K Umesh,712020:3431d711-e691-474b-87d5-610f2d7e8719,,Medium,,,,Amogh K Umesh,712020:3431d711-e691-474b-87d5-610f2d7e8719,Amogh K Umesh,712020:3431d711-e691-474b-87d5-610f2d7e8719,05/Jan/25 9:50 PM,05/Jan/25 10:36 PM,06/Jan/25 12:33 PM,,,0,,,Amogh K Umesh,712020:3431d711-e691-474b-87d5-610f2d7e8719,,,,,,,,,,,,,,,,,,,,,,,,,,0|i00047:,,,AME Sprint 1,,,,,,,,,,,,10015,Create a web-based platform to educate and engage users about the Agile Manifesto and methodologies.,To Do,05/Jan/25 9:50 PM
Subtask 1.1.4: Conduct user testing and gather feedback.,AME-12,10025,Task,To Do,AME,Agile Manifesto Exercise,software,Amogh K Umesh,712020:3431d711-e691-474b-87d5-610f2d7e8719,,Medium,,,,Amogh K Umesh,712020:3431d711-e691-474b-87d5-610f2d7e8719,Amogh K Umesh,712020:3431d711-e691-474b-87d5-610f2d7e8719,05/Jan/25 9:50 PM,05/Jan/25 10:36 PM,06/Jan/25 12:33 PM,,,0,,,Amogh K Umesh,712020:3431d711-e691-474b-87d5-610f2d7e8719,,,,,,,,,,,,,,,,,,,,,,,,,,0|i0004f:,,,AME Sprint 1,,,,,,,,,,,,10015,Create a web-based platform to educate and engage users about the Agile Manifesto and methodologies.,To Do,05/Jan/25 9:50 PM
Story 1.2: Add an introduction to Agile and its history.,AME-13,10026,Story,To Do,AME,Agile Manifesto Exercise,software,Amogh K Umesh,712020:3431d711-e691-474b-87d5-610f2d7e8719,,Medium,,,,Amogh K Umesh,712020:3431d711-e691-474b-87d5-610f2d7e8719,Amogh K Umesh,712020:3431d711-e691-474b-87d5-610f2d7e8719,05/Jan/25 9:50 PM,05/Jan/25 10:36 PM,06/Jan/25 12:33 PM,,,0,,,Amogh K Umesh,712020:3431d711-e691-474b-87d5-610f2d7e8719,,,,,,,,,,,,,,,,,,,,,,,,,,0|i0004n:,,,AME Sprint 1,,,,,,,,,,,,10015,Create a web-based platform to educate and engage users about the Agile Manifesto and methodologies.,To Do,05/Jan/25 9:50 PM
Subtask 1.2.1: Individuals over processes,AME-14,10027,Task,To Do,AME,Agile Manifesto Exercise,software,Amogh K Umesh,712020:3431d711-e691-474b-87d5-610f2d7e8719,,Medium,,,,Amogh K Umesh,712020:3431d711-e691-474b-87d5-610f2d7e8719,Amogh K Umesh,712020:3431d711-e691-474b-87d5-610f2d7e8719,05/Jan/25 9:52 PM,05/Jan/25 10:36 PM,06/Jan/25 12:33 PM,,,0,,,Amogh K Umesh,712020:3431d711-e691-474b-87d5-610f2d7e8719,,,,,,,,,,,,,,,,,,,,,,,,,,0|i0004v:,,,AME Sprint 1,,,,,,,,,,,,10015,Create a web-based platform to educate and engage users about the Agile Manifesto and methodologies.,To Do,05/Jan/25 9:52 PM
Subtask 1.2.2: Focused on adaptability,AME-15,10028,Task,To Do,AME,Agile Manifesto Exercise,software,Amogh K Umesh,712020:3431d711-e691-474b-87d5-610f2d7e8719,,Medium,,,,Amogh K Umesh,712020:3431d711-e691-474b-87d5-610f2d7e8719,Amogh K Umesh,712020:3431d711-e691-474b-87d5-610f2d7e8719,05/Jan/25 9:52 PM,05/Jan/25 10:36 PM,06/Jan/25 12:33 PM,,,0,,,Amogh K Umesh,712020:3431d711-e691-474b-87d5-610f2d7e8719,,,,,,,,,,,,,,,,,,,,,,,,,,0|i00053:,,,AME Sprint 1,,,,,,,,,,,,10015,Create a web-based platform to educate and engage users about the Agile Manifesto and methodologies.,To Do,05/Jan/25 9:52 PM
Subtask 1.2.3: Created in 2001,AME-16,10029,Task,To Do,AME,Agile Manifesto Exercise,software,Amogh K Umesh,712020:3431d711-e691-474b-87d5-610f2d7e8719,,Medium,,,,Amogh K Umesh,712020:3431d711-e691-474b-87d5-610f2d7e8719,Amogh K Umesh,712020:3431d711-e691-474b-87d5-610f2d7e8719,05/Jan/25 9:52 PM,05/Jan/25 10:36 PM,06/Jan/25 12:33 PM,,,0,,,Amogh K Umesh,712020:3431d711-e691-474b-87d5-610f2d7e8719,,,,,,,,,,,,,,,,,,,,,,,,,,0|i0005b:,,,AME Sprint 1,,,,,,,,,,,,10015,Create a web-based platform to educate and engage users about the Agile Manifesto and methodologies.,To Do,05/Jan/25 9:52 PM
Story 1.3: Include navigation to other sections of the platform.,AME-18,10031,Story,To Do,AME,Agile Manifesto Exercise,software,Amogh K Umesh,712020:3431d711-e691-474b-87d5-610f2d7e8719,,Medium,,,,Amogh K Umesh,712020:3431d711-e691-474b-87d5-610f2d7e8719,Amogh K Umesh,712020:3431d711-e691-474b-87d5-610f2d7e8719,05/Jan/25 9:52 PM,05/Jan/25 10:36 PM,06/Jan/25 12:33 PM,,,0,,,Amogh K Umesh,712020:3431d711-e691-474b-87d5-610f2d7e8719,,,,,,,,,,,,,,,,,,,,,,,,,,0|i0005r:,,,AME Sprint 1,,,,,,,,,,,,10015,Create a web-based platform to educate and engage users about the Agile Manifesto and methodologies.,To Do,05/Jan/25 9:52 PM
Subtask 1.3.1: Agile Frameworks like SCRUM and Kanban,AME-19,10032,Task,To Do,AME,Agile Manifesto Exercise,software,Amogh K Umesh,712020:3431d711-e691-474b-87d5-610f2d7e8719,,Medium,,,,Amogh K Umesh,712020:3431d711-e691-474b-87d5-610f2d7e8719,Amogh K Umesh,712020:3431d711-e691-474b-87d5-610f2d7e8719,05/Jan/25 9:53 PM,05/Jan/25 10:36 PM,05/Jan/25 9:54 PM,,,0,,,Amogh K Umesh,712020:3431d711-e691-474b-87d5-610f2d7e8719,,,,,,,,,,,,,,,,,,,,,,,,,,0|i0005z:,,,AME Sprint 1,,,,,,,,,,,,10015,Create a web-based platform to educate and engage users about the Agile Manifesto and methodologies.,To Do,05/Jan/25 9:53 PM
Subtask 1.3.2: Tools,AME-20,10033,Task,To Do,AME,Agile Manifesto Exercise,software,Amogh K Umesh,712020:3431d711-e691-474b-87d5-610f2d7e8719,,Medium,,,,Amogh K Umesh,712020:3431d711-e691-474b-87d5-610f2d7e8719,Amogh K Umesh,712020:3431d711-e691-474b-87d5-610f2d7e8719,05/Jan/25 9:54 PM,05/Jan/25 10:36 PM,06/Jan/25 12:33 PM,,,0,,,Amogh K Umesh,712020:3431d711-e691-474b-87d5-610f2d7e8719,,,,,,,,,,,,,,,,,,,,,,,,,,0|i00067:,,,AME Sprint 1,,,,,,,,,,,,10015,Create a web-based platform to educate and engage users about the Agile Manifesto and methodologies.,To Do,05/Jan/25 9:54 PM
Subtask 1.3.3: Community,AME-21,10034,Task,To Do,AME,Agile Manifesto Exercise,software,Amogh K Umesh,712020:3431d711-e691-474b-87d5-610f2d7e8719,,Medium,,,,Amogh K Umesh,712020:3431d711-e691-474b-87d5-610f2d7e8719,Amogh K Umesh,712020:3431d711-e691-474b-87d5-610f2d7e8719,05/Jan/25 9:54 PM,05/Jan/25 10:36 PM,06/Jan/25 12:33 PM,,,0,,,Amogh K Umesh,712020:3431d711-e691-474b-87d5-610f2d7e8719,,,,,,,,,,,,,,,,,,,,,,,,,,0|i0006f:,,,AME Sprint 1,,,,,,,,,,,,10015,Create a web-based platform to educate and engage users about the Agile Manifesto and methodologies.,To Do,05/Jan/25 9:54 PM
Feature 2: Agile Values and Principles,AME-22,10035,Feature,To Do,AME,Agile Manifesto Exercise,software,Amogh K Umesh,712020:3431d711-e691-474b-87d5-610f2d7e8719,,Medium,,,,Amogh K Umesh,712020:3431d711-e691-474b-87d5-610f2d7e8719,Amogh K Umesh,712020:3431d711-e691-474b-87d5-610f2d7e8719,05/Jan/25 9:55 PM,05/Jan/25 10:36 PM,05/Jan/25 10:08 PM,,,0,,,Amogh K Umesh,712020:3431d711-e691-474b-87d5-610f2d7e8719,,,,,,,,,,,,,,,,,,,,,,,,,,0|i0006n:,,,AME Sprint 2,,,,,,,,,,,,10015,Create a web-based platform to educate and engage users about the Agile Manifesto and methodologies.,To Do,05/Jan/25 9:55 PM
Story 2.1: Create a page to display the four core Agile values.,AME-23,10036,Story,To Do,AME,Agile Manifesto Exercise,software,Amogh K Umesh,712020:3431d711-e691-474b-87d5-610f2d7e8719,,Medium,,,,Amogh K Umesh,712020:3431d711-e691-474b-87d5-610f2d7e8719,Amogh K Umesh,712020:3431d711-e691-474b-87d5-610f2d7e8719,05/Jan/25 10:04 PM,05/Jan/25 10:36 PM,06/Jan/25 12:33 PM,,,0,,,Amogh K Umesh,712020:3431d711-e691-474b-87d5-610f2d7e8719,,,,,,,,,,,,,,,,,,,,,,,,,,0|i0006v:,,,AME Sprint 2,,,,,,,,,,,,10015,Create a web-based platform to educate and engage users about the Agile Manifesto and methodologies.,To Do,05/Jan/25 10:04 PM
Subtask 2.1.1: Individuals and Interactions Over Processes and Tools,AME-24,10037,Task,To Do,AME,Agile Manifesto Exercise,software,Amogh K Umesh,712020:3431d711-e691-474b-87d5-610f2d7e8719,,Medium,,,,Amogh K Umesh,712020:3431d711-e691-474b-87d5-610f2d7e8719,Amogh K Umesh,712020:3431d711-e691-474b-87d5-610f2d7e8719,05/Jan/25 10:04 PM,05/Jan/25 10:36 PM,06/Jan/25 12:33 PM,,,0,,,Amogh K Umesh,712020:3431d711-e691-474b-87d5-610f2d7e8719,,,,,,,,,,,,,,,,,,,,,,,,,,0|i00073:,,,AME Sprint 2,,,,,,,,,,,,10015,Create a web-based platform to educate and engage users about the Agile Manifesto and methodologies.,To Do,05/Jan/25 10:04 PM
Subtask 2.1.2: Working Software Over Comprehensive Documentation,AME-25,10038,Task,To Do,AME,Agile Manifesto Exercise,software,Amogh K Umesh,712020:3431d711-e691-474b-87d5-610f2d7e8719,,Medium,,,,Amogh K Umesh,712020:3431d711-e691-474b-87d5-610f2d7e8719,Amogh K Umesh,712020:3431d711-e691-474b-87d5-610f2d7e8719,05/Jan/25 10:04 PM,05/Jan/25 10:36 PM,06/Jan/25 12:33 PM,,,0,,,Amogh K Umesh,712020:3431d711-e691-474b-87d5-610f2d7e8719,,,,,,,,,,,,,,,,,,,,,,,,,,0|i0007b:,,,AME Sprint 2,,,,,,,,,,,,10015,Create a web-based platform to educate and engage users about the Agile Manifesto and methodologies.,To Do,05/Jan/25 10:04 PM
Subtask 2.1.3: Customer Collaboration Over Contract Negotiation,AME-26,10039,Task,To Do,AME,Agile Manifesto Exercise,software,Amogh K Umesh,712020:3431d711-e691-474b-87d5-610f2d7e8719,,Medium,,,,Amogh K Umesh,712020:3431d711-e691-474b-87d5-610f2d7e8719,Amogh K Umesh,712020:3431d711-e691-474b-87d5-610f2d7e8719,05/Jan/25 10:05 PM,05/Jan/25 10:36 PM,06/Jan/25 12:33 PM,,,0,,,Amogh K Umesh,712020:3431d711-e691-474b-87d5-610f2d7e8719,,,,,,,,,,,,,,,,,,,,,,,,,,0|i0007j:,,,AME Sprint 2,,,,,,,,,,,,10015,Create a web-based platform to educate and engage users about the Agile Manifesto and methodologies.,To Do,05/Jan/25 10:05 PM
Subtask 2.1.4: Responding to Change Over Following a Plan,AME-27,10040,Task,To Do,AME,Agile Manifesto Exercise,software,Amogh K Umesh,712020:3431d711-e691-474b-87d5-610f2d7e8719,,Medium,,,,Amogh K Umesh,712020:3431d711-e691-474b-87d5-610f2d7e8719,Amogh K Umesh,712020:3431d711-e691-474b-87d5-610f2d7e8719,05/Jan/25 10:05 PM,05/Jan/25 10:36 PM,06/Jan/25 12:33 PM,,,0,,,Amogh K Umesh,712020:3431d711-e691-474b-87d5-610f2d7e8719,,,,,,,,,,,,,,,,,,,,,,,,,,0|i0007r:,,,AME Sprint 2,,,,,,,,,,,,10015,Create a web-based platform to educate and engage users about the Agile Manifesto and methodologies.,To Do,05/Jan/25 10:05 PM
Story 2.2: Implement an interactive feature to explain the 12 principles.,AME-28,10041,Story,To Do,AME,Agile Manifesto Exercise,software,Amogh K Umesh,712020:3431d711-e691-474b-87d5-610f2d7e8719,,Medium,,,,Amogh K Umesh,712020:3431d711-e691-474b-87d5-610f2d7e8719,Amogh K Umesh,712020:3431d711-e691-474b-87d5-610f2d7e8719,05/Jan/25 10:05 PM,05/Jan/25 10:36 PM,06/Jan/25 12:33 PM,,,0,,,Amogh K Umesh,712020:3431d711-e691-474b-87d5-610f2d7e8719,,,,,,,,,,,,,,,,,,,,,,,,,,0|i0007z:,,,AME Sprint 2,,,,,,,,,,,,10015,Create a web-based platform to educate and engage users about the Agile Manifesto and methodologies.,To Do,05/Jan/25 10:05 PM
Subtask 2.2.1: HTML,AME-29,10042,Task,To Do,AME,Agile Manifesto Exercise,software,Amogh K Umesh,712020:3431d711-e691-474b-87d5-610f2d7e8719,,Medium,,,,Amogh K Umesh,712020:3431d711-e691-474b-87d5-610f2d7e8719,Amogh K Umesh,712020:3431d711-e691-474b-87d5-610f2d7e8719,05/Jan/25 10:05 PM,05/Jan/25 10:36 PM,05/Jan/25 10:06 PM,,,0,,,Amogh K Umesh,712020:3431d711-e691-474b-87d5-610f2d7e8719,,,,,,,,,,,,,,,,,,,,,,,,,,0|i00087:,,,AME Sprint 2,,,,,,,,,,,,10015,Create a web-based platform to educate and engage users about the Agile Manifesto and methodologies.,To Do,05/Jan/25 10:05 PM
Subtask 2.2.2: CSS,AME-30,10043,Task,To Do,AME,Agile Manifesto Exercise,software,Amogh K Umesh,712020:3431d711-e691-474b-87d5-610f2d7e8719,,Medium,,,,Amogh K Umesh,712020:3431d711-e691-474b-87d5-610f2d7e8719,Amogh K Umesh,712020:3431d711-e691-474b-87d5-610f2d7e8719,05/Jan/25 10:05 PM,05/Jan/25 10:36 PM,05/Jan/25 10:06 PM,,,0,,,Amogh K Umesh,712020:3431d711-e691-474b-87d5-610f2d7e8719,,,,,,,,,,,,,,,,,,,,,,,,,,0|i0008f:,,,AME Sprint 2,,,,,,,,,,,,10015,Create a web-based platform to educate and engage users about the Agile Manifesto and methodologies.,To Do,05/Jan/25 10:05 PM
Subtask 2.2.3: Javascript,AME-31,10044,Task,To Do,AME,Agile Manifesto Exercise,software,Amogh K Umesh,712020:3431d711-e691-474b-87d5-610f2d7e8719,,Medium,,,,Amogh K Umesh,712020:3431d711-e691-474b-87d5-610f2d7e8719,Amogh K Umesh,712020:3431d711-e691-474b-87d5-610f2d7e8719,05/Jan/25 10:05 PM,05/Jan/25 10:36 PM,05/Jan/25 10:06 PM,,,0,,,Amogh K Umesh,712020:3431d711-e691-474b-87d5-610f2d7e8719,,,,,,,,,,,,,,,,,,,,,,,,,,0|i0008n:,,,AME Sprint 2,,,,,,,,,,,,10015,Create a web-based platform to educate and engage users about the Agile Manifesto and methodologies.,To Do,05/Jan/25 10:05 PM
Story 2.3: Add examples to illustrate each value and principle.,AME-32,10045,Story,To Do,AME,Agile Manifesto Exercise,software,Amogh K Umesh,712020:3431d711-e691-474b-87d5-610f2d7e8719,,Medium,,,,Amogh K Umesh,712020:3431d711-e691-474b-87d5-610f2d7e8719,Amogh K Umesh,712020:3431d711-e691-474b-87d5-610f2d7e8719,05/Jan/25 10:06 PM,05/Jan/25 10:36 PM,06/Jan/25 12:33 PM,,,0,,,Amogh K Umesh,712020:3431d711-e691-474b-87d5-610f2d7e8719,,,,,,,,,,,,,,,,,,,,,,,,,,0|i0008v:,,,AME Sprint 2,,,,,,,,,,,,10015,Create a web-based platform to educate and engage users about the Agile Manifesto and methodologies.,To Do,05/Jan/25 10:06 PM
Subtask 2.3.1: Example 1,AME-33,10046,Task,To Do,AME,Agile Manifesto Exercise,software,Amogh K Umesh,712020:3431d711-e691-474b-87d5-610f2d7e8719,,Medium,,,,Amogh K Umesh,712020:3431d711-e691-474b-87d5-610f2d7e8719,Amogh K Umesh,712020:3431d711-e691-474b-87d5-610f2d7e8719,05/Jan/25 10:06 PM,05/Jan/25 10:36 PM,06/Jan/25 12:33 PM,,,0,,,Amogh K Umesh,712020:3431d711-e691-474b-87d5-610f2d7e8719,,,,,,,,,,,,,,,,,,,,,,,,,,0|i00093:,,,AME Sprint 2,,,,,,,,,,,,10015,Create a web-based platform to educate and engage users about the Agile Manifesto and methodologies.,To Do,05/Jan/25 10:06 PM
Subtask 2.3.2: Example 2,AME-34,10047,Task,To Do,AME,Agile Manifesto Exercise,software,Amogh K Umesh,712020:3431d711-e691-474b-87d5-610f2d7e8719,,Medium,,,,Amogh K Umesh,712020:3431d711-e691-474b-87d5-610f2d7e8719,Amogh K Umesh,712020:3431d711-e691-474b-87d5-610f2d7e8719,05/Jan/25 10:06 PM,05/Jan/25 10:36 PM,06/Jan/25 12:33 PM,,,0,,,Amogh K Umesh,712020:3431d711-e691-474b-87d5-610f2d7e8719,,,,,,,,,,,,,,,,,,,,,,,,,,0|i0009b:,,,AME Sprint 2,,,,,,,,,,,,10015,Create a web-based platform to educate and engage users about the Agile Manifesto and methodologies.,To Do,05/Jan/25 10:06 PM
Subtask 2.3.3: Example 3,AME-35,10048,Task,To Do,AME,Agile Manifesto Exercise,software,Amogh K Umesh,712020:3431d711-e691-474b-87d5-610f2d7e8719,,Medium,,,,Amogh K Umesh,712020:3431d711-e691-474b-87d5-610f2d7e8719,Amogh K Umesh,712020:3431d711-e691-474b-87d5-610f2d7e8719,05/Jan/25 10:06 PM,05/Jan/25 10:36 PM,06/Jan/25 12:33 PM,,,0,,,Amogh K Umesh,712020:3431d711-e691-474b-87d5-610f2d7e8719,,,,,,,,,,,,,,,,,,,,,,,,,,0|i0009j:,,,AME Sprint 2,,,,,,,,,,,,10015,Create a web-based platform to educate and engage users about the Agile Manifesto and methodologies.,To Do,05/Jan/25 10:06 PM
Feature 3: Resource Library,AME-36,10049,Feature,To Do,AME,Agile Manifesto Exercise,software,Amogh K Umesh,712020:3431d711-e691-474b-87d5-610f2d7e8719,,Medium,,,,Amogh K Umesh,712020:3431d711-e691-474b-87d5-610f2d7e8719,Amogh K Umesh,712020:3431d711-e691-474b-87d5-610f2d7e8719,05/Jan/25 10:07 PM,05/Jan/25 10:36 PM,06/Jan/25 12:33 PM,,,0,,,Amogh K Umesh,712020:3431d711-e691-474b-87d5-610f2d7e8719,,,,,,,,,,,,,,,,,,,,,,,,,,0|i0009r:,,,AME Sprint 3,,,,,,,,,,,,10015,Create a web-based platform to educate and engage users about the Agile Manifesto and methodologies.,To Do,05/Jan/25 10:07 PM
"Story 3.1: Design a library for Agile practices (Scrum, Kanban, etc.)",AME-37,10050,Story,To Do,AME,Agile Manifesto Exercise,software,Amogh K Umesh,712020:3431d711-e691-474b-87d5-610f2d7e8719,,Medium,,,,Amogh K Umesh,712020:3431d711-e691-474b-87d5-610f2d7e8719,Amogh K Umesh,712020:3431d711-e691-474b-87d5-610f2d7e8719,05/Jan/25 10:08 PM,05/Jan/25 10:36 PM,06/Jan/25 12:33 PM,,,0,,,Amogh K Umesh,712020:3431d711-e691-474b-87d5-610f2d7e8719,,,,,,,,,,,,,,,,,,,,,,,,,,0|i0009z:,,,AME Sprint 3,,,,,,,,,,,,10015,Create a web-based platform to educate and engage users about the Agile Manifesto and methodologies.,To Do,05/Jan/25 10:08 PM
Story 3.2: Include downloadable resources like templates and guides,AME-38,10051,Story,To Do,AME,Agile Manifesto Exercise,software,Amogh K Umesh,712020:3431d711-e691-474b-87d5-610f2d7e8719,,Medium,,,,Amogh K Umesh,712020:3431d711-e691-474b-87d5-610f2d7e8719,Amogh K Umesh,712020:3431d711-e691-474b-87d5-610f2d7e8719,05/Jan/25 10:08 PM,05/Jan/25 10:37 PM,06/Jan/25 12:33 PM,,,0,,,Amogh K Umesh,712020:3431d711-e691-474b-87d5-610f2d7e8719,,,,,,,,,,,,,,,,,,,,,,,,,,0|i000c7:,,,AME Sprint 3,,,,,,,,,,,,10015,Create a web-based platform to educate and engage users about the Agile Manifesto and methodologies.,To Do,05/Jan/25 10:08 PM
Story 3.3: Add search and filter functionality,AME-39,10052,Story,To Do,AME,Agile Manifesto Exercise,software,Amogh K Umesh,712020:3431d711-e691-474b-87d5-610f2d7e8719,,Medium,,,,Amogh K Umesh,712020:3431d711-e691-474b-87d5-610f2d7e8719,Amogh K Umesh,712020:3431d711-e691-474b-87d5-610f2d7e8719,05/Jan/25 10:08 PM,05/Jan/25 10:37 PM,06/Jan/25 12:33 PM,,,0,,,Amogh K Umesh,712020:3431d711-e691-474b-87d5-610f2d7e8719,,,,,,,,,,,,,,,,,,,,,,,,,,0|i000d7:,,,AME Sprint 3,,,,,,,,,,,,10015,Create a web-based platform to educate and engage users about the Agile Manifesto and methodologies.,To Do,05/Jan/25 10:08 PM
Feature 4: Collaboration Features,AME-40,10053,Feature,To Do,AME,Agile Manifesto Exercise,software,Amogh K Umesh,712020:3431d711-e691-474b-87d5-610f2d7e8719,,Medium,,,,Amogh K Umesh,712020:3431d711-e691-474b-87d5-610f2d7e8719,Amogh K Umesh,712020:3431d711-e691-474b-87d5-610f2d7e8719,05/Jan/25 10:19 PM,05/Jan/25 10:37 PM,05/Jan/25 10:38 PM,,,0,,,Amogh K Umesh,712020:3431d711-e691-474b-87d5-610f2d7e8719,,,,,,,,,,,,,,,,,,,,,,,,,,0|i000an:,,,AME Sprint 4,,,,,,,,,,,,10015,Create a web-based platform to educate and engage users about the Agile Manifesto and methodologies.,To Do,05/Jan/25 10:19 PM
Story 4.1: Develop a discussion forum for users,AME-41,10054,Story,To Do,AME,Agile Manifesto Exercise,software,Amogh K Umesh,712020:3431d711-e691-474b-87d5-610f2d7e8719,,Medium,,,,Amogh K Umesh,712020:3431d711-e691-474b-87d5-610f2d7e8719,Amogh K Umesh,712020:3431d711-e691-474b-87d5-610f2d7e8719,05/Jan/25 10:19 PM,05/Jan/25 10:37 PM,06/Jan/25 12:33 PM,,,0,,,Amogh K Umesh,712020:3431d711-e691-474b-87d5-610f2d7e8719,,,,,,,,,,,,,,,,,,,,,,,,,,0|i000av:,,,AME Sprint 4,,,,,,,,,,,,10015,Create a web-based platform to educate and engage users about the Agile Manifesto and methodologies.,To Do,05/Jan/25 10:19 PM
Story 4.2: Enable users to comment on resources and principles.,AME-42,10055,Story,To Do,AME,Agile Manifesto Exercise,software,Amogh K Umesh,712020:3431d711-e691-474b-87d5-610f2d7e8719,,Medium,,,,Amogh K Umesh,712020:3431d711-e691-474b-87d5-610f2d7e8719,Amogh K Umesh,712020:3431d711-e691-474b-87d5-610f2d7e8719,05/Jan/25 10:20 PM,05/Jan/25 10:37 PM,06/Jan/25 12:33 PM,,,0,,,Amogh K Umesh,712020:3431d711-e691-474b-87d5-610f2d7e8719,,,,,,,,,,,,,,,,,,,,,,,,,,0|i000ej:,,,AME Sprint 4,,,,,,,,,,,,10015,Create a web-based platform to educate and engage users about the Agile Manifesto and methodologies.,To Do,05/Jan/25 10:20 PM
Story 4.3: Implement user authentication for collaboration features.,AME-43,10056,Story,To Do,AME,Agile Manifesto Exercise,software,Amogh K Umesh,712020:3431d711-e691-474b-87d5-610f2d7e8719,,Medium,,,,Amogh K Umesh,712020:3431d711-e691-474b-87d5-610f2d7e8719,Amogh K Umesh,712020:3431d711-e691-474b-87d5-610f2d7e8719,05/Jan/25 10:20 PM,05/Jan/25 10:37 PM,06/Jan/25 12:33 PM,,,0,,,Amogh K Umesh,712020:3431d711-e691-474b-87d5-610f2d7e8719,,,,,,,,,,,,,,,,,,,,,,,,,,0|i000fr:,,,AME Sprint 4,,,,,,,,,,,,10015,Create a web-based platform to educate and engage users about the Agile Manifesto and methodologies.,To Do,05/Jan/25 10:20 PM
Subtask 3.1.1: Create a layout,AME-44,10057,Task,To Do,AME,Agile Manifesto Exercise,software,Amogh K Umesh,712020:3431d711-e691-474b-87d5-610f2d7e8719,,Medium,,,,Amogh K Umesh,712020:3431d711-e691-474b-87d5-610f2d7e8719,Amogh K Umesh,712020:3431d711-e691-474b-87d5-610f2d7e8719,05/Jan/25 10:21 PM,05/Jan/25 10:36 PM,06/Jan/25 12:33 PM,,,0,,,Amogh K Umesh,712020:3431d711-e691-474b-87d5-610f2d7e8719,,,,,,,,,,,,,,,,,,,,,,,,,,0|i000bj:,,,AME Sprint 3,,,,,,,,,,,,10015,Create a web-based platform to educate and engage users about the Agile Manifesto and methodologies.,To Do,05/Jan/25 10:21 PM
Subtask 3.1.2: Implement Functionality,AME-45,10058,Task,To Do,AME,Agile Manifesto Exercise,software,Amogh K Umesh,712020:3431d711-e691-474b-87d5-610f2d7e8719,,Medium,,,,Amogh K Umesh,712020:3431d711-e691-474b-87d5-610f2d7e8719,Amogh K Umesh,712020:3431d711-e691-474b-87d5-610f2d7e8719,05/Jan/25 10:21 PM,05/Jan/25 10:37 PM,06/Jan/25 12:33 PM,,,0,,,Amogh K Umesh,712020:3431d711-e691-474b-87d5-610f2d7e8719,,,,,,,,,,,,,,,,,,,,,,,,,,0|i000br:,,,AME Sprint 3,,,,,,,,,,,,10015,Create a web-based platform to educate and engage users about the Agile Manifesto and methodologies.,To Do,05/Jan/25 10:21 PM
Subtask 3.1.3: Add styling,AME-46,10059,Task,To Do,AME,Agile Manifesto Exercise,software,Amogh K Umesh,712020:3431d711-e691-474b-87d5-610f2d7e8719,,Medium,,,,Amogh K Umesh,712020:3431d711-e691-474b-87d5-610f2d7e8719,Amogh K Umesh,712020:3431d711-e691-474b-87d5-610f2d7e8719,05/Jan/25 10:21 PM,05/Jan/25 10:37 PM,06/Jan/25 12:33 PM,,,0,,,Amogh K Umesh,712020:3431d711-e691-474b-87d5-610f2d7e8719,,,,,,,,,,,,,,,,,,,,,,,,,,0|i000bz:,,,AME Sprint 3,,,,,,,,,,,,10015,Create a web-based platform to educate and engage users about the Agile Manifesto and methodologies.,To Do,05/Jan/25 10:21 PM
Subtask 3.2.1: Add resources to server,AME-47,10060,Task,To Do,AME,Agile Manifesto Exercise,software,Amogh K Umesh,712020:3431d711-e691-474b-87d5-610f2d7e8719,,Medium,,,,Amogh K Umesh,712020:3431d711-e691-474b-87d5-610f2d7e8719,Amogh K Umesh,712020:3431d711-e691-474b-87d5-610f2d7e8719,05/Jan/25 10:22 PM,05/Jan/25 10:37 PM,06/Jan/25 12:33 PM,,,0,,,Amogh K Umesh,712020:3431d711-e691-474b-87d5-610f2d7e8719,,,,,,,,,,,,,,,,,,,,,,,,,,0|i000cn:,,,AME Sprint 3,,,,,,,,,,,,10015,Create a web-based platform to educate and engage users about the Agile Manifesto and methodologies.,To Do,05/Jan/25 10:22 PM
Subtask 3.2.2: Create API for access,AME-48,10061,Task,To Do,AME,Agile Manifesto Exercise,software,Amogh K Umesh,712020:3431d711-e691-474b-87d5-610f2d7e8719,,Medium,,,,Amogh K Umesh,712020:3431d711-e691-474b-87d5-610f2d7e8719,Amogh K Umesh,712020:3431d711-e691-474b-87d5-610f2d7e8719,05/Jan/25 10:22 PM,05/Jan/25 10:37 PM,06/Jan/25 12:33 PM,,,0,,,Amogh K Umesh,712020:3431d711-e691-474b-87d5-610f2d7e8719,,,,,,,,,,,,,,,,,,,,,,,,,,0|i000cv:,,,AME Sprint 3,,,,,,,,,,,,10015,Create a web-based platform to educate and engage users about the Agile Manifesto and methodologies.,To Do,05/Jan/25 10:22 PM
Subtask 3.2.3: Make API accessible online,AME-49,10062,Task,To Do,AME,Agile Manifesto Exercise,software,Amogh K Umesh,712020:3431d711-e691-474b-87d5-610f2d7e8719,,Medium,,,,Amogh K Umesh,712020:3431d711-e691-474b-87d5-610f2d7e8719,Amogh K Umesh,712020:3431d711-e691-474b-87d5-610f2d7e8719,05/Jan/25 10:22 PM,05/Jan/25 10:37 PM,06/Jan/25 12:33 PM,,,0,,,Amogh K Umesh,712020:3431d711-e691-474b-87d5-610f2d7e8719,,,,,,,,,,,,,,,,,,,,,,,,,,0|i000d3:,,,AME Sprint 3,,,,,,,,,,,,10015,Create a web-based platform to educate and engage users about the Agile Manifesto and methodologies.,To Do,05/Jan/25 10:22 PM
Subtask 3.3.1: Create design,AME-50,10063,Task,To Do,AME,Agile Manifesto Exercise,software,Amogh K Umesh,712020:3431d711-e691-474b-87d5-610f2d7e8719,,Medium,,,,Amogh K Umesh,712020:3431d711-e691-474b-87d5-610f2d7e8719,Amogh K Umesh,712020:3431d711-e691-474b-87d5-610f2d7e8719,05/Jan/25 10:23 PM,05/Jan/25 10:37 PM,06/Jan/25 12:33 PM,,,0,,,Amogh K Umesh,712020:3431d711-e691-474b-87d5-610f2d7e8719,,,,,,,,,,,,,,,,,,,,,,,,,,0|i000db:,,,AME Sprint 3,,,,,,,,,,,,10015,Create a web-based platform to educate and engage users about the Agile Manifesto and methodologies.,To Do,05/Jan/25 10:23 PM
Subtask 3.3.2: Code the project,AME-51,10064,Task,To Do,AME,Agile Manifesto Exercise,software,Amogh K Umesh,712020:3431d711-e691-474b-87d5-610f2d7e8719,,Medium,,,,Amogh K Umesh,712020:3431d711-e691-474b-87d5-610f2d7e8719,Amogh K Umesh,712020:3431d711-e691-474b-87d5-610f2d7e8719,05/Jan/25 10:23 PM,05/Jan/25 10:37 PM,06/Jan/25 12:33 PM,,,0,,,Amogh K Umesh,712020:3431d711-e691-474b-87d5-610f2d7e8719,,,,,,,,,,,,,,,,,,,,,,,,,,0|i000dj:,,,AME Sprint 3,,,,,,,,,,,,10015,Create a web-based platform to educate and engage users about the Agile Manifesto and methodologies.,To Do,05/Jan/25 10:23 PM
Subtask 3.3.3: Add to site,AME-52,10065,Task,To Do,AME,Agile Manifesto Exercise,software,Amogh K Umesh,712020:3431d711-e691-474b-87d5-610f2d7e8719,,Medium,,,,Amogh K Umesh,712020:3431d711-e691-474b-87d5-610f2d7e8719,Amogh K Umesh,712020:3431d711-e691-474b-87d5-610f2d7e8719,05/Jan/25 10:23 PM,05/Jan/25 10:37 PM,06/Jan/25 12:33 PM,,,0,,,Amogh K Umesh,712020:3431d711-e691-474b-87d5-610f2d7e8719,,,,,,,,,,,,,,,,,,,,,,,,,,0|i000dr:,,,AME Sprint 3,,,,,,,,,,,,10015,Create a web-based platform to educate and engage users about the Agile Manifesto and methodologies.,To Do,05/Jan/25 10:23 PM
Subtask 4.1.1: Create backend infrastructure for forum,AME-53,10066,Task,To Do,AME,Agile Manifesto Exercise,software,Amogh K Umesh,712020:3431d711-e691-474b-87d5-610f2d7e8719,,Medium,,,,Amogh K Umesh,712020:3431d711-e691-474b-87d5-610f2d7e8719,Amogh K Umesh,712020:3431d711-e691-474b-87d5-610f2d7e8719,05/Jan/25 10:33 PM,05/Jan/25 10:37 PM,06/Jan/25 12:33 PM,,,0,,,Amogh K Umesh,712020:3431d711-e691-474b-87d5-610f2d7e8719,,,,,,,,,,,,,,,,,,,,,,,,,,0|i000dz:,,,AME Sprint 4,,,,,,,,,,,,10015,Create a web-based platform to educate and engage users about the Agile Manifesto and methodologies.,To Do,05/Jan/25 10:33 PM
Subtask 4.1.2: Test,AME-54,10067,Task,To Do,AME,Agile Manifesto Exercise,software,Amogh K Umesh,712020:3431d711-e691-474b-87d5-610f2d7e8719,,Medium,,,,Amogh K Umesh,712020:3431d711-e691-474b-87d5-610f2d7e8719,Amogh K Umesh,712020:3431d711-e691-474b-87d5-610f2d7e8719,05/Jan/25 10:33 PM,05/Jan/25 10:37 PM,06/Jan/25 12:33 PM,,,0,,,Amogh K Umesh,712020:3431d711-e691-474b-87d5-610f2d7e8719,,,,,,,,,,,,,,,,,,,,,,,,,,0|i000e7:,,,AME Sprint 4,,,,,,,,,,,,10015,Create a web-based platform to educate and engage users about the Agile Manifesto and methodologies.,To Do,05/Jan/25 10:33 PM
Subtask 4.1.3: Deploy,AME-55,10068,Task,To Do,AME,Agile Manifesto Exercise,software,Amogh K Umesh,712020:3431d711-e691-474b-87d5-610f2d7e8719,,Medium,,,,Amogh K Umesh,712020:3431d711-e691-474b-87d5-610f2d7e8719,Amogh K Umesh,712020:3431d711-e691-474b-87d5-610f2d7e8719,05/Jan/25 10:33 PM,05/Jan/25 10:37 PM,06/Jan/25 12:33 PM,,,0,,,Amogh K Umesh,712020:3431d711-e691-474b-87d5-610f2d7e8719,,,,,,,,,,,,,,,,,,,,,,,,,,0|i000ef:,,,AME Sprint 4,,,,,,,,,,,,10015,Create a web-based platform to educate and engage users about the Agile Manifesto and methodologies.,To Do,05/Jan/25 10:33 PM
Subtask 4.2.1: Design the comment input field and UI,AME-56,10069,Task,To Do,AME,Agile Manifesto Exercise,software,Amogh K Umesh,712020:3431d711-e691-474b-87d5-610f2d7e8719,,Medium,,,,Amogh K Umesh,712020:3431d711-e691-474b-87d5-610f2d7e8719,Amogh K Umesh,712020:3431d711-e691-474b-87d5-610f2d7e8719,05/Jan/25 10:34 PM,05/Jan/25 10:37 PM,06/Jan/25 12:33 PM,,,0,,,Amogh K Umesh,712020:3431d711-e691-474b-87d5-610f2d7e8719,,,,,,,,,,,,,,,,,,,,,,,,,,0|i000ev:,,,AME Sprint 4,,,,,,,,,,,,10015,Create a web-based platform to educate and engage users about the Agile Manifesto and methodologies.,To Do,05/Jan/25 10:34 PM
Subtask 4.2.2: Develop backend APIs for storing comments,AME-57,10070,Task,To Do,AME,Agile Manifesto Exercise,software,Amogh K Umesh,712020:3431d711-e691-474b-87d5-610f2d7e8719,,Medium,,,,Amogh K Umesh,712020:3431d711-e691-474b-87d5-610f2d7e8719,Amogh K Umesh,712020:3431d711-e691-474b-87d5-610f2d7e8719,05/Jan/25 10:34 PM,05/Jan/25 10:37 PM,06/Jan/25 12:33 PM,,,0,,,Amogh K Umesh,712020:3431d711-e691-474b-87d5-610f2d7e8719,,,,,,,,,,,,,,,,,,,,,,,,,,0|i000f3:,,,AME Sprint 4,,,,,,,,,,,,10015,Create a web-based platform to educate and engage users about the Agile Manifesto and methodologies.,To Do,05/Jan/25 10:34 PM
Subtask 4.2.3: Implement frontend integration with APIs,AME-58,10071,Task,To Do,AME,Agile Manifesto Exercise,software,Amogh K Umesh,712020:3431d711-e691-474b-87d5-610f2d7e8719,,Medium,,,,Amogh K Umesh,712020:3431d711-e691-474b-87d5-610f2d7e8719,Amogh K Umesh,712020:3431d711-e691-474b-87d5-610f2d7e8719,05/Jan/25 10:34 PM,05/Jan/25 10:37 PM,06/Jan/25 12:33 PM,,,0,,,Amogh K Umesh,712020:3431d711-e691-474b-87d5-610f2d7e8719,,,,,,,,,,,,,,,,,,,,,,,,,,0|i000fb:,,,AME Sprint 4,,,,,,,,,,,,10015,Create a web-based platform to educate and engage users about the Agile Manifesto and methodologies.,To Do,05/Jan/25 10:34 PM
Subtask 4.2.4: Test the comment functionality,AME-59,10072,Task,To Do,AME,Agile Manifesto Exercise,software,Amogh K Umesh,712020:3431d711-e691-474b-87d5-610f2d7e8719,,Medium,,,,Amogh K Umesh,712020:3431d711-e691-474b-87d5-610f2d7e8719,Amogh K Umesh,712020:3431d711-e691-474b-87d5-610f2d7e8719,05/Jan/25 10:34 PM,05/Jan/25 10:37 PM,06/Jan/25 12:33 PM,,,0,,,Amogh K Umesh,712020:3431d711-e691-474b-87d5-610f2d7e8719,,,,,,,,,,,,,,,,,,,,,,,,,,0|i000fj:,,,AME Sprint 4,,,,,,,,,,,,10015,Create a web-based platform to educate and engage users about the Agile Manifesto and methodologies.,To Do,05/Jan/25 10:34 PM
Subtask 4.3.1: Create the authentication middlewares,AME-60,10073,Task,To Do,AME,Agile Manifesto Exercise,software,Amogh K Umesh,712020:3431d711-e691-474b-87d5-610f2d7e8719,,Medium,,,,Amogh K Umesh,712020:3431d711-e691-474b-87d5-610f2d7e8719,Amogh K Umesh,712020:3431d711-e691-474b-87d5-610f2d7e8719,05/Jan/25 10:35 PM,05/Jan/25 10:37 PM,06/Jan/25 12:33 PM,,,0,,,Amogh K Umesh,712020:3431d711-e691-474b-87d5-610f2d7e8719,,,,,,,,,,,,,,,,,,,,,,,,,,0|i000fz:,,,AME Sprint 4,,,,,,,,,,,,10015,Create a web-based platform to educate and engage users about the Agile Manifesto and methodologies.,To Do,05/Jan/25 10:35 PM
Subtask 4.3.2: Test the functionality,AME-61,10074,Task,To Do,AME,Agile Manifesto Exercise,software,Amogh K Umesh,712020:3431d711-e691-474b-87d5-610f2d7e8719,,Medium,,,,Amogh K Umesh,712020:3431d711-e691-474b-87d5-610f2d7e8719,Amogh K Umesh,712020:3431d711-e691-474b-87d5-610f2d7e8719,05/Jan/25 10:35 PM,05/Jan/25 10:37 PM,06/Jan/25 12:33 PM,,,0,,,Amogh K Umesh,712020:3431d711-e691-474b-87d5-610f2d7e8719,,,,,,,,,,,,,,,,,,,,,,,,,,0|i000g7:,,,AME Sprint 4,,,,,,,,,,,,10015,Create a web-based platform to educate and engage users about the Agile Manifesto and methodologies.,To Do,05/Jan/25 10:35 PM
Subtask 4.3.3: Deploy,AME-62,10075,Task,To Do,AME,Agile Manifesto Exercise,software,Amogh K Umesh,712020:3431d711-e691-474b-87d5-610f2d7e8719,,Medium,,,,Amogh K Umesh,712020:3431d711-e691-474b-87d5-610f2d7e8719,Amogh K Umesh,712020:3431d711-e691-474b-87d5-610f2d7e8719,05/Jan/25 10:36 PM,05/Jan/25 10:37 PM,06/Jan/25 12:32 PM,,,0,,,Amogh K Umesh,712020:3431d711-e691-474b-87d5-610f2d7e8719,,,,,,,,,,,,,,,,,,,,,,,,,,0|i000gf:,,,AME Sprint 4,,,,,,,,,,,,10015,Create a web-based platform to educate and engage users about the Agile Manifesto and methodologies.,To Do,05/Jan/25 10:36 PM
